Equation,Objective,Age,Surface,Weighting,Theta
1,-1.705454545,6.333333333,0.791666667,0.725,
1,-1.698181818,12,0.518518519,0.407407407,
1,-1.694545455,9.45,0.75,0.25,
1,-1.690909091,12,0.7875,0.25,
1,-1.687272727,8.8,0.254861111,0.504166667,
1,-1.687272727,12,0.819444444,0.652777778,
